DER,JER,Speaker_F1,Speaker_Precision,Speaker_Recall,Boundary_Precision,Boundary_Recall,Boundary_F1
0.6332334332334333,0.6332334332334333,0.1968408033508901,0.13451771449773448,0.36676656676656677,0.0,0.0,0.0
